<application>
  <component name="ProjectJdkTable">
    <jdk version="2">
      <name value="11" />
      <type value="JavaSDK" />
      <version value="java version &quot;11.0.4&quot;" />
      <homePath value="$APPLICATION_HOME_DIR$/jbr" />
      <roots>
        <annotationsPath>
          <root type="composite">
            <root url="jar://$APPLICATION_HOME_DIR$/plugins/java/lib/jdkAnnotations.jar!/" type="simple" />
          </root>
        </annotationsPath>
        <classPath>
          <root type="composite">
            <root url="jrt://C:/Program Files/JetBrains/IntelliJ IDEA Community Edition 2019.2.4/jbr!/java.base" type="simple" />
            <root url="jrt://C:/Program Files/JetBrains/IntelliJ IDEA Community Edition 2019.2.4/jbr!/java.compiler" type="simple" />
            <root url="jrt://C:/Program Files/JetBrains/IntelliJ IDEA Community Edition 2019.2.4/jbr!/java.datatransfer" type="simple" />
            <root url="jrt://C:/Program Files/JetBrains/IntelliJ IDEA Community Edition 2019.2.4/jbr!/java.desktop" type="simple" />
            <root url="jrt://C:/Program Files/JetBrains/IntelliJ IDEA Community Edition 2019.2.4/jbr!/java.instrument" type="simple" />
            <root url="jrt://C:/Program Files/JetBrains/IntelliJ IDEA Community Edition 2019.2.4/jbr!/java.logging" type="simple" />
            <root url="jrt://C:/Program Files/JetBrains/IntelliJ IDEA Community Edition 2019.2.4/jbr!/java.management" type="simple" />
            <root url="jrt://C:/Program Files/JetBrains/IntelliJ IDEA Community Edition 2019.2.4/jbr!/java.management.rmi" type="simple" />
            <root url="jrt://C:/Program Files/JetBrains/IntelliJ IDEA Community Edition 2019.2.4/jbr!/java.naming" type="simple" />
            <root url="jrt://C:/Program Files/JetBrains/IntelliJ IDEA Community Edition 2019.2.4/jbr!/java.net.http" type="simple" />
            <root url="jrt://C:/Program Files/JetBrains/IntelliJ IDEA Community Edition 2019.2.4/jbr!/java.prefs" type="simple" />
            <root url="jrt://C:/Program Files/JetBrains/IntelliJ IDEA Community Edition 2019.2.4/jbr!/java.rmi" type="simple" />
            <root url="jrt://C:/Program Files/JetBrains/IntelliJ IDEA Community Edition 2019.2.4/jbr!/java.scripting" type="simple" />
            <root url="jrt://C:/Program Files/JetBrains/IntelliJ IDEA Community Edition 2019.2.4/jbr!/java.se" type="simple" />
            <root url="jrt://C:/Program Files/JetBrains/IntelliJ IDEA Community Edition 2019.2.4/jbr!/java.security.jgss" type="simple" />
            <root url="jrt://C:/Program Files/JetBrains/IntelliJ IDEA Community Edition 2019.2.4/jbr!/java.security.sasl" type="simple" />
            <root url="jrt://C:/Program Files/JetBrains/IntelliJ IDEA Community Edition 2019.2.4/jbr!/java.smartcardio" type="simple" />
            <root url="jrt://C:/Program Files/JetBrains/IntelliJ IDEA Community Edition 2019.2.4/jbr!/java.sql" type="simple" />
            <root url="jrt://C:/Program Files/JetBrains/IntelliJ IDEA Community Edition 2019.2.4/jbr!/java.sql.rowset" type="simple" />
            <root url="jrt://C:/Program Files/JetBrains/IntelliJ IDEA Community Edition 2019.2.4/jbr!/java.transaction.xa" type="simple" />
            <root url="jrt://C:/Program Files/JetBrains/IntelliJ IDEA Community Edition 2019.2.4/jbr!/java.xml" type="simple" />
            <root url="jrt://C:/Program Files/JetBrains/IntelliJ IDEA Community Edition 2019.2.4/jbr!/java.xml.crypto" type="simple" />
            <root url="jrt://C:/Program Files/JetBrains/IntelliJ IDEA Community Edition 2019.2.4/jbr!/javafx.base" type="simple" />
            <root url="jrt://C:/Program Files/JetBrains/IntelliJ IDEA Community Edition 2019.2.4/jbr!/javafx.controls" type="simple" />
            <root url="jrt://C:/Program Files/JetBrains/IntelliJ IDEA Community Edition 2019.2.4/jbr!/javafx.fxml" type="simple" />
            <root url="jrt://C:/Program Files/JetBrains/IntelliJ IDEA Community Edition 2019.2.4/jbr!/javafx.graphics" type="simple" />
            <root url="jrt://C:/Program Files/JetBrains/IntelliJ IDEA Community Edition 2019.2.4/jbr!/javafx.media" type="simple" />
            <root url="jrt://C:/Program Files/JetBrains/IntelliJ IDEA Community Edition 2019.2.4/jbr!/javafx.swing" type="simple" />
            <root url="jrt://C:/Program Files/JetBrains/IntelliJ IDEA Community Edition 2019.2.4/jbr!/javafx.web" type="simple" />
            <root url="jrt://C:/Program Files/JetBrains/IntelliJ IDEA Community Edition 2019.2.4/jbr!/jdk.accessibility" type="simple" />
            <root url="jrt://C:/Program Files/JetBrains/IntelliJ IDEA Community Edition 2019.2.4/jbr!/jdk.aot" type="simple" />
            <root url="jrt://C:/Program Files/JetBrains/IntelliJ IDEA Community Edition 2019.2.4/jbr!/jdk.attach" type="simple" />
            <root url="jrt://C:/Program Files/JetBrains/IntelliJ IDEA Community Edition 2019.2.4/jbr!/jdk.charsets" type="simple" />
            <root url="jrt://C:/Program Files/JetBrains/IntelliJ IDEA Community Edition 2019.2.4/jbr!/jdk.compiler" type="simple" />
            <root url="jrt://C:/Program Files/JetBrains/IntelliJ IDEA Community Edition 2019.2.4/jbr!/jdk.crypto.cryptoki" type="simple" />
            <root url="jrt://C:/Program Files/JetBrains/IntelliJ IDEA Community Edition 2019.2.4/jbr!/jdk.crypto.ec" type="simple" />
            <root url="jrt://C:/Program Files/JetBrains/IntelliJ IDEA Community Edition 2019.2.4/jbr!/jdk.dynalink" type="simple" />
            <root url="jrt://C:/Program Files/JetBrains/IntelliJ IDEA Community Edition 2019.2.4/jbr!/jdk.httpserver" type="simple" />
            <root url="jrt://C:/Program Files/JetBrains/IntelliJ IDEA Community Edition 2019.2.4/jbr!/jdk.internal.ed" type="simple" />
            <root url="jrt://C:/Program Files/JetBrains/IntelliJ IDEA Community Edition 2019.2.4/jbr!/jdk.internal.jvmstat" type="simple" />
            <root url="jrt://C:/Program Files/JetBrains/IntelliJ IDEA Community Edition 2019.2.4/jbr!/jdk.internal.le" type="simple" />
            <root url="jrt://C:/Program Files/JetBrains/IntelliJ IDEA Community Edition 2019.2.4/jbr!/jdk.internal.vm.ci" type="simple" />
            <root url="jrt://C:/Program Files/JetBrains/IntelliJ IDEA Community Edition 2019.2.4/jbr!/jdk.internal.vm.compiler" type="simple" />
            <root url="jrt://C:/Program Files/JetBrains/IntelliJ IDEA Community Edition 2019.2.4/jbr!/jdk.internal.vm.compiler.management" type="simple" />
            <root url="jrt://C:/Program Files/JetBrains/IntelliJ IDEA Community Edition 2019.2.4/jbr!/jdk.jdi" type="simple" />
            <root url="jrt://C:/Program Files/JetBrains/IntelliJ IDEA Community Edition 2019.2.4/jbr!/jdk.jdwp.agent" type="simple" />
            <root url="jrt://C:/Program Files/JetBrains/IntelliJ IDEA Community Edition 2019.2.4/jbr!/jdk.jfr" type="simple" />
            <root url="jrt://C:/Program Files/JetBrains/IntelliJ IDEA Community Edition 2019.2.4/jbr!/jdk.jsobject" type="simple" />
            <root url="jrt://C:/Program Files/JetBrains/IntelliJ IDEA Community Edition 2019.2.4/jbr!/jdk.localedata" type="simple" />
            <root url="jrt://C:/Program Files/JetBrains/IntelliJ IDEA Community Edition 2019.2.4/jbr!/jdk.management" type="simple" />
            <root url="jrt://C:/Program Files/JetBrains/IntelliJ IDEA Community Edition 2019.2.4/jbr!/jdk.management.agent" type="simple" />
            <root url="jrt://C:/Program Files/JetBrains/IntelliJ IDEA Community Edition 2019.2.4/jbr!/jdk.management.jfr" type="simple" />
            <root url="jrt://C:/Program Files/JetBrains/IntelliJ IDEA Community Edition 2019.2.4/jbr!/jdk.naming.dns" type="simple" />
            <root url="jrt://C:/Program Files/JetBrains/IntelliJ IDEA Community Edition 2019.2.4/jbr!/jdk.naming.rmi" type="simple" />
            <root url="jrt://C:/Program Files/JetBrains/IntelliJ IDEA Community Edition 2019.2.4/jbr!/jdk.net" type="simple" />
            <root url="jrt://C:/Program Files/JetBrains/IntelliJ IDEA Community Edition 2019.2.4/jbr!/jdk.pack" type="simple" />
            <root url="jrt://C:/Program Files/JetBrains/IntelliJ IDEA Community Edition 2019.2.4/jbr!/jdk.scripting.nashorn" type="simple" />
            <root url="jrt://C:/Program Files/JetBrains/IntelliJ IDEA Community Edition 2019.2.4/jbr!/jdk.scripting.nashorn.shell" type="simple" />
            <root url="jrt://C:/Program Files/JetBrains/IntelliJ IDEA Community Edition 2019.2.4/jbr!/jdk.sctp" type="simple" />
            <root url="jrt://C:/Program Files/JetBrains/IntelliJ IDEA Community Edition 2019.2.4/jbr!/jdk.security.auth" type="simple" />
            <root url="jrt://C:/Program Files/JetBrains/IntelliJ IDEA Community Edition 2019.2.4/jbr!/jdk.security.jgss" type="simple" />
            <root url="jrt://C:/Program Files/JetBrains/IntelliJ IDEA Community Edition 2019.2.4/jbr!/jdk.unsupported" type="simple" />
            <root url="jrt://C:/Program Files/JetBrains/IntelliJ IDEA Community Edition 2019.2.4/jbr!/jdk.xml.dom" type="simple" />
            <root url="jrt://C:/Program Files/JetBrains/IntelliJ IDEA Community Edition 2019.2.4/jbr!/jdk.zipfs" type="simple" />
          </root>
        </classPath>
        <javadocPath>
          <root type="composite" />
        </javadocPath>
        <sourcePath>
          <root type="composite" />
        </sourcePath>
      </roots>
      <additional />
    </jdk>
    <jdk version="2">
      <name value="Python 3.7" />
      <type value="Python SDK" />
      <version value="Python 3.7.2" />
      <homePath value="C:\Users\JU4X\AppData\Local\Programs\Python\Python37-32\python.exe" />
      <roots>
        <annotationsPath>
          <root type="composite" />
        </annotationsPath>
        <classPath>
          <root type="composite">
            <root url="file://$USER_HOME$/AppData/Local/Programs/Python/Python37-32/DLLs" type="simple" />
            <root url="file://$USER_HOME$/AppData/Local/Programs/Python/Python37-32/Lib" type="simple" />
            <root url="file://$USER_HOME$/AppData/Local/Programs/Python/Python37-32" type="simple" />
            <root url="file://$USER_HOME$/AppData/Local/Programs/Python/Python37-32/Lib/site-packages" type="simple" />
            <root url="file://$USER_HOME$/.IdeaIC2019.2/system/python_stubs/-328747201" type="simple" />
            <root url="file://$APPLICATION_PLUGINS_DIR$/python-ce/helpers/python-skeletons" type="simple" />
            <root url="file://$APPLICATION_PLUGINS_DIR$/python-ce/helpers/typeshed/stdlib/3" type="simple" />
            <root url="file://$APPLICATION_PLUGINS_DIR$/python-ce/helpers/typeshed/stdlib/2and3" type="simple" />
            <root url="file://$APPLICATION_PLUGINS_DIR$/python-ce/helpers/typeshed/third_party/3" type="simple" />
            <root url="file://$APPLICATION_PLUGINS_DIR$/python-ce/helpers/typeshed/third_party/2and3" type="simple" />
          </root>
        </classPath>
        <javadocPath>
          <root type="composite" />
        </javadocPath>
        <sourcePath>
          <root type="composite" />
        </sourcePath>
      </roots>
      <additional />
    </jdk>
  </component>
</application>